{"cameraMode":{"drawMode":0,"name":"Shaded","section":"Shading Mode"},"sceneLighting":true,"audioPlay":false,"sceneViewState":{"m_AlwaysRefresh":false,"showFog":true,"showSkybox":true,"showFlares":true,"showImageEffects":true,"showParticleSystems":true,"showVisualEffectGraphs":true,"m_FxEnabled":true},"in2DMode":false,"pivot":{"x":8.533477783203125,"y":2.0805468559265138,"z":-1.055978775024414},"rotation":{"x":-0.007423490285873413,"y":0.9920626878738403,"z":-0.10335741937160492,"w":-0.07125214487314224},"size":2.2665088176727297,"orthographic":false}